id,samplingPoint.notation,samplingPoint.prefLabel,samplingPoint.easting,samplingPoint.northing,samplingPoint.region,samplingPoint.area,samplingPoint.subArea,samplingPoint.samplingPointStatus,samplingPoint.samplingPointType,phenomenonTime,samplingPurpose,sampleMaterialType,determinand.notation,determinand.prefLabel,result,unit
https://environment.data.gov.uk/water-quality/sampling-point/NW-88003817/sample/5377181/observation/0061,NW-88003817,TARNBROOK WYRE PTC ABBEYSTEAD RESERVOIR,356336,454400,NorthWest,NORTH WEST - CUMBRIA AND LANCASHIRE,MORECAMBE BAY,OPEN,FRESHWATER - RIVERS,2025-01-20T10:16:00,MONITORING  (NATIONAL AGENCY POLICY),RIVER / RUNNING SURFACE WATER,61,pH,7.15,PH UNITS
https://environment.data.gov.uk/water-quality/sampling-point/NW-88003817/sample/5379117/observation/0061,NW-88003817,TARNBROOK WYRE PTC ABBEYSTEAD RESERVOIR,356336,454400,NorthWest,NORTH WEST - CUMBRIA AND LANCASHIRE,MORECAMBE BAY,OPEN,FRESHWATER - RIVERS,2025-02-11T09:07:00,MONITORING  (NATIONAL AGENCY POLICY),RIVER / RUNNING SURFACE WATER,61,pH,8.09,PH UNITS
https://environment.data.gov.uk/water-quality/sampling-point/NW-88003817/sample/5380749/observation/0061,NW-88003817,TARNBROOK WYRE PTC ABBEYSTEAD RESERVOIR,356336,454400,NorthWest,NORTH WEST - CUMBRIA AND LANCASHIRE,MORECAMBE BAY,OPEN,FRESHWATER - RIVERS,2025-03-06T09:17:00,MONITORING  (NATIONAL AGENCY POLICY),RIVER / RUNNING SURFACE WATER,61,pH,7.88,PH UNITS
https://environment.data.gov.uk/water-quality/sampling-point/NW-88003817/sample/5389763/observation/0061,NW-88003817,TARNBROOK WYRE PTC ABBEYSTEAD RESERVOIR,356336,454400,NorthWest,NORTH WEST - CUMBRIA AND LANCASHIRE,MORECAMBE BAY,OPEN,FRESHWATER - RIVERS,2025-08-05T09:38:00,MONITORING  (NATIONAL AGENCY POLICY),RIVER / RUNNING SURFACE WATER,61,pH,8.02,PH UNITS
https://environment.data.gov.uk/water-quality/sampling-point/NW-88003817/sample/5393686/observation/0061,NW-88003817,TARNBROOK WYRE PTC ABBEYSTEAD RESERVOIR,356336,454400,NorthWest,NORTH WEST - CUMBRIA AND LANCASHIRE,MORECAMBE BAY,OPEN,FRESHWATER - RIVERS,2025-10-06T10:50:00,MONITORING  (NATIONAL AGENCY POLICY),RIVER / RUNNING SURFACE WATER,61,pH,6.71,PH UNITS
https://environment.data.gov.uk/water-quality/sampling-point/NW-88003818/sample/5377182/observation/0061,NW-88003818,MARSHAW WYRE PTC ABBEYSTEAD RESERVOIR,356491,454207,NorthWest,NORTH WEST - CUMBRIA AND LANCASHIRE,MORECAMBE BAY,OPEN,FRESHWATER - RIVERS,2025-01-20T10:21:00,MONITORING  (NATIONAL AGENCY POLICY),RIVER / RUNNING SURFACE WATER,61,pH,7.62,PH UNITS
https://environment.data.gov.uk/water-quality/sampling-point/NW-88003818/sample/5379433/observation/0061,NW-88003818,MARSHAW WYRE PTC ABBEYSTEAD RESERVOIR,356491,454207,NorthWest,NORTH WEST - CUMBRIA AND LANCASHIRE,MORECAMBE BAY,OPEN,FRESHWATER - RIVERS,2025-02-17T09:20:00,MONITORING  (NATIONAL AGENCY POLICY),RIVER / RUNNING SURFACE WATER,61,pH,7.95,PH UNITS
https://environment.data.gov.uk/water-quality/sampling-point/NW-88003818/sample/5380750/observation/0061,NW-88003818,MARSHAW WYRE PTC ABBEYSTEAD RESERVOIR,356491,454207,NorthWest,NORTH WEST - CUMBRIA AND LANCASHIRE,MORECAMBE BAY,OPEN,FRESHWATER - RIVERS,2025-03-06T09:25:00,MONITORING  (NATIONAL AGENCY POLICY),RIVER / RUNNING SURFACE WATER,61,pH,8.11,PH UNITS
https://environment.data.gov.uk/water-quality/sampling-point/NW-88004023/sample/5382414/observation/0061,NW-88004023,RIVER LUNE AT FORGE BANK WEIRKEY POINT ON LUNE FROM 01/01/1981 IS 017287475,351291,464730,NorthWest,NORTH WEST - CUMBRIA AND LANCASHIRE,MORECAMBE BAY,OPEN,FRESHWATER - RIVERS,2025-04-07T14:22:00,MONITORING  (NATIONAL AGENCY POLICY),RIVER / RUNNING SURFACE WATER,61,pH,8.33,PH UNITS
https://environment.data.gov.uk/water-quality/sampling-point/NW-88004023/sample/5391642/observation/0061,NW-88004023,RIVER LUNE AT FORGE BANK WEIRKEY POINT ON LUNE FROM 01/01/1981 IS 017287475,351291,464730,NorthWest,NORTH WEST - CUMBRIA AND LANCASHIRE,MORECAMBE BAY,OPEN,FRESHWATER - RIVERS,2025-08-28T11:43:00,MONITORING  (NATIONAL AGENCY POLICY),RIVER / RUNNING SURFACE WATER,61,pH,9.21,PH UNITS
https://environment.data.gov.uk/water-quality/sampling-point/NW-88004023/sample/5392811/observation/0061,NW-88004023,RIVER LUNE AT FORGE BANK WEIRKEY POINT ON LUNE FROM 01/01/1981 IS 017287475,351291,464730,NorthWest,NORTH WEST - CUMBRIA AND LANCASHIRE,MORECAMBE BAY,OPEN,FRESHWATER - RIVERS,2025-09-29T13:32:00,MONITORING  (NATIONAL AGENCY POLICY),RIVER / RUNNING SURFACE WATER,61,pH,8.04,PH UNITS
https://environment.data.gov.uk/water-quality/sampling-point/NW-88004023/sample/5395188/observation/0061,NW-88004023,RIVER LUNE AT FORGE BANK WEIRKEY POINT ON LUNE FROM 01/01/1981 IS 017287475,351291,464730,NorthWest,NORTH WEST - CUMBRIA AND LANCASHIRE,MORECAMBE BAY,OPEN,FRESHWATER - RIVERS,2025-10-28T10:36:00,MONITORING  (NATIONAL AGENCY POLICY),RIVER / RUNNING SURFACE WATER,61,pH,7.85,PH UNITS
https://environment.data.gov.uk/water-quality/sampling-point/NW-88004023/sample/5395580/observation/0061,NW-88004023,RIVER LUNE AT FORGE BANK WEIRKEY POINT ON LUNE FROM 01/01/1981 IS 017287475,351291,464730,NorthWest,NORTH WEST - CUMBRIA AND LANCASHIRE,MORECAMBE BAY,OPEN,FRESHWATER - RIVERS,2025-11-07T12:17:00,MONITORING  (NATIONAL AGENCY POLICY),RIVER / RUNNING SURFACE WATER,61,pH,7.61,PH UNITS
https://environment.data.gov.uk/water-quality/sampling-point/NW-88004023/sample/5397387/observation/0061,NW-88004023,RIVER LUNE AT FORGE BANK WEIRKEY POINT ON LUNE FROM 01/01/1981 IS 017287475,351291,464730,NorthWest,NORTH WEST - CUMBRIA AND LANCASHIRE,MORECAMBE BAY,OPEN,FRESHWATER - RIVERS,2025-12-05T12:52:00,MONITORING  (NATIONAL AGENCY POLICY),RIVER / RUNNING SURFACE WATER,61,pH,7.82,PH UNITS
https://environment.data.gov.uk/water-quality/sampling-point/NW-88004024/sample/5380918/observation/0061,NW-88004024,RIVER LUNE AT DENNY BRIDGENEW KEY POINT FOR R.LUNE FROM 01/01/1981 (REPLACES 0172807470 AS KEY PT),350315,464630,NorthWest,NORTH WEST - CUMBRIA AND LANCASHIRE,MORECAMBE BAY,OPEN,FRESHWATER - RIVERS,2025-03-11T14:21:00,MONITORING  (UK GOVT POLICY - NOT GQA OR RE),RIVER / RUNNING SURFACE WATER,61,pH,8.47,PH UNITS
https://environment.data.gov.uk/water-quality/sampling-point/NW-88004024/sample/5382384/observation/0061,NW-88004024,RIVER LUNE AT DENNY BRIDGENEW KEY POINT FOR R.LUNE FROM 01/01/1981 (REPLACES 0172807470 AS KEY PT),350315,464630,NorthWest,NORTH WEST - CUMBRIA AND LANCASHIRE,MORECAMBE BAY,OPEN,FRESHWATER - RIVERS,2025-04-07T09:44:00,MONITORING  (UK GOVT POLICY - NOT GQA OR RE),RIVER / RUNNING SURFACE WATER,61,pH,8.35,PH UNITS
https://environment.data.gov.uk/water-quality/sampling-point/NW-88004024/sample/5382979/observation/0061,NW-88004024,RIVER LUNE AT DENNY BRIDGENEW KEY POINT FOR R.LUNE FROM 01/01/1981 (REPLACES 0172807470 AS KEY PT),350315,464630,NorthWest,NORTH WEST - CUMBRIA AND LANCASHIRE,MORECAMBE BAY,OPEN,FRESHWATER - RIVERS,2025-04-25T09:41:00,MONITORING  (UK GOVT POLICY - NOT GQA OR RE),RIVER / RUNNING SURFACE WATER,61,pH,8.35,PH UNITS
https://environment.data.gov.uk/water-quality/sampling-point/NW-88004024/sample/5384084/observation/0061,NW-88004024,RIVER LUNE AT DENNY BRIDGENEW KEY POINT FOR R.LUNE FROM 01/01/1981 (REPLACES 0172807470 AS KEY PT),350315,464630,NorthWest,NORTH WEST - CUMBRIA AND LANCASHIRE,MORECAMBE BAY,OPEN,FRESHWATER - RIVERS,2025-05-06T09:52:00,MONITORING  (UK GOVT POLICY - NOT GQA OR RE),RIVER / RUNNING SURFACE WATER,61,pH,8.58,PH UNITS
https://environment.data.gov.uk/water-quality/sampling-point/NW-88004024/sample/5384746/observation/0061,NW-88004024,RIVER LUNE AT DENNY BRIDGENEW KEY POINT FOR R.LUNE FROM 01/01/1981 (REPLACES 0172807470 AS KEY PT),350315,464630,NorthWest,NORTH WEST - CUMBRIA AND LANCASHIRE,MORECAMBE BAY,OPEN,FRESHWATER - RIVERS,2025-05-21T09:46:00,MONITORING  (UK GOVT POLICY - NOT GQA OR RE),RIVER / RUNNING SURFACE WATER,61,pH,8.56,PH UNITS
https://environment.data.gov.uk/water-quality/sampling-point/NW-88004024/sample/5387399/observation/0061,NW-88004024,RIVER LUNE AT DENNY BRIDGENEW KEY POINT FOR R.LUNE FROM 01/01/1981 (REPLACES 0172807470 AS KEY PT),350315,464630,NorthWest,NORTH WEST - CUMBRIA AND LANCASHIRE,MORECAMBE BAY,OPEN,FRESHWATER - RIVERS,2025-06-27T10:08:00,MONITORING  (UK GOVT POLICY - NOT GQA OR RE),RIVER / RUNNING SURFACE WATER,61,pH,7.64,PH UNITS
https://environment.data.gov.uk/water-quality/sampling-point/NW-88004024/sample/5389553/observation/0061,NW-88004024,RIVER LUNE AT DENNY BRIDGENEW KEY POINT FOR R.LUNE FROM 01/01/1981 (REPLACES 0172807470 AS KEY PT),350315,464630,NorthWest,NORTH WEST - CUMBRIA AND LANCASHIRE,MORECAMBE BAY,OPEN,FRESHWATER - RIVERS,2025-07-31T12:44:00,MONITORING  (UK GOVT POLICY - NOT GQA OR RE),RIVER / RUNNING SURFACE WATER,61,pH,8.65,PH UNITS
https://environment.data.gov.uk/water-quality/sampling-point/NW-88004024/sample/5391632/observation/0061,NW-88004024,RIVER LUNE AT DENNY BRIDGENEW KEY POINT FOR R.LUNE FROM 01/01/1981 (REPLACES 0172807470 AS KEY PT),350315,464630,NorthWest,NORTH WEST - CUMBRIA AND LANCASHIRE,MORECAMBE BAY,OPEN,FRESHWATER - RIVERS,2025-08-28T11:24:00,MONITORING  (UK GOVT POLICY - NOT GQA OR RE),RIVER / RUNNING SURFACE WATER,61,pH,9.19,PH UNITS
https://environment.data.gov.uk/water-quality/sampling-point/NW-88004024/sample/5392825/observation/0061,NW-88004024,RIVER LUNE AT DENNY BRIDGENEW KEY POINT FOR R.LUNE FROM 01/01/1981 (REPLACES 0172807470 AS KEY PT),350315,464630,NorthWest,NORTH WEST - CUMBRIA AND LANCASHIRE,MORECAMBE BAY,OPEN,FRESHWATER - RIVERS,2025-09-29T12:22:00,MONITORING  (UK GOVT POLICY - NOT GQA OR RE),RIVER / RUNNING SURFACE WATER,61,pH,8.21,PH UNITS
https://environment.data.gov.uk/water-quality/sampling-point/NW-88004024/sample/5395172/observation/0061,NW-88004024,RIVER LUNE AT DENNY BRIDGENEW KEY POINT FOR R.LUNE FROM 01/01/1981 (REPLACES 0172807470 AS KEY PT),350315,464630,NorthWest,NORTH WEST - CUMBRIA AND LANCASHIRE,MORECAMBE BAY,OPEN,FRESHWATER - RIVERS,2025-10-28T10:15:00,MONITORING  (UK GOVT POLICY - NOT GQA OR RE),RIVER / RUNNING SURFACE WATER,61,pH,7.82,PH UNITS
https://environment.data.gov.uk/water-quality/sampling-point/NW-88004024/sample/5395558/observation/0061,NW-88004024,RIVER LUNE AT DENNY BRIDGENEW KEY POINT FOR R.LUNE FROM 01/01/1981 (REPLACES 0172807470 AS KEY PT),350315,464630,NorthWest,NORTH WEST - CUMBRIA AND LANCASHIRE,MORECAMBE BAY,OPEN,FRESHWATER - RIVERS,2025-11-07T11:33:00,MONITORING  (UK GOVT POLICY - NOT GQA OR RE),RIVER / RUNNING SURFACE WATER,61,pH,7.69,PH UNITS
https://environment.data.gov.uk/water-quality/sampling-point/NW-88004024/sample/5397529/observation/0061,NW-88004024,RIVER LUNE AT DENNY BRIDGENEW KEY POINT FOR R.LUNE FROM 01/01/1981 (REPLACES 0172807470 AS KEY PT),350315,464630,NorthWest,NORTH WEST - CUMBRIA AND LANCASHIRE,MORECAMBE BAY,OPEN,FRESHWATER - RIVERS,2025-12-09T11:04:00,MONITORING  (UK GOVT POLICY - NOT GQA OR RE),RIVER / RUNNING SURFACE WATER,61,pH,8.08,PH UNITS
https://environment.data.gov.uk/water-quality/sampling-point/NW-88004074/sample/5377183/observation/0061,NW-88004074,RIVER CONDER AT CONDER GREEN,345962,455741,NorthWest,NORTH WEST - CUMBRIA AND LANCASHIRE,MORECAMBE BAY,OPEN,FRESHWATER - RIVERS,2025-01-20T09:47:00,MONITORING  (NATIONAL AGENCY POLICY),RIVER / RUNNING SURFACE WATER,61,pH,7.74,PH UNITS
https://environment.data.gov.uk/water-quality/sampling-point/NW-88004074/sample/5378867/observation/0061,NW-88004074,RIVER CONDER AT CONDER GREEN,345962,455741,NorthWest,NORTH WEST - CUMBRIA AND LANCASHIRE,MORECAMBE BAY,OPEN,FRESHWATER - RIVERS,2025-02-04T10:45:00,MONITORING  (NATIONAL AGENCY POLICY),RIVER / RUNNING SURFACE WATER,61,pH,7.91,PH UNITS
https://environment.data.gov.uk/water-quality/sampling-point/NW-88004074/sample/5380886/observation/0061,NW-88004074,RIVER CONDER AT CONDER GREEN,345962,455741,NorthWest,NORTH WEST - CUMBRIA AND LANCASHIRE,MORECAMBE BAY,OPEN,FRESHWATER - RIVERS,2025-03-10T08:53:00,MONITORING  (NATIONAL AGENCY POLICY),RIVER / RUNNING SURFACE WATER,61,pH,7.64,PH UNITS
https://environment.data.gov.uk/water-quality/sampling-point/NW-88004074/sample/5395337/observation/0061,NW-88004074,RIVER CONDER AT CONDER GREEN,345962,455741,NorthWest,NORTH WEST - CUMBRIA AND LANCASHIRE,MORECAMBE BAY,OPEN,FRESHWATER - RIVERS,2025-11-03T12:52:00,MONITORING  (NATIONAL AGENCY POLICY),RIVER / RUNNING SURFACE WATER,61,pH,7.38,PH UNITS
https://environment.data.gov.uk/water-quality/sampling-point/NW-88004074/sample/5395874/observation/0061,NW-88004074,RIVER CONDER AT CONDER GREEN,345962,455741,NorthWest,NORTH WEST - CUMBRIA AND LANCASHIRE,MORECAMBE BAY,OPEN,FRESHWATER - RIVERS,2025-11-17T10:50:00,MONITORING  (NATIONAL AGENCY POLICY),RIVER / RUNNING SURFACE WATER,61,pH,7.52,PH UNITS
https://environment.data.gov.uk/water-quality/sampling-point/NW-88004074/sample/5397377/observation/0061,NW-88004074,RIVER CONDER AT CONDER GREEN,345962,455741,NorthWest,NORTH WEST - CUMBRIA AND LANCASHIRE,MORECAMBE BAY,OPEN,FRESHWATER - RIVERS,2025-12-04T11:55:00,MONITORING  (NATIONAL AGENCY POLICY),RIVER / RUNNING SURFACE WATER,61,pH,7.53,PH UNITS
https://environment.data.gov.uk/water-quality/sampling-point/NW-88004074/sample/5398002/observation/0061,NW-88004074,RIVER CONDER AT CONDER GREEN,345962,455741,NorthWest,NORTH WEST - CUMBRIA AND LANCASHIRE,MORECAMBE BAY,OPEN,FRESHWATER - RIVERS,2025-12-16T10:10:00,MONITORING  (NATIONAL AGENCY POLICY),RIVER / RUNNING SURFACE WATER,61,pH,7.69,PH UNITS
https://environment.data.gov.uk/water-quality/sampling-point/NW-88004088/sample/5378691/observation/0061,NW-88004088,RIVER COCKER AT COCKER BRIDGE,345230,451252,NorthWest,NORTH WEST - CUMBRIA AND LANCASHIRE,MORECAMBE BAY,OPEN,FRESHWATER - RIVERS,2025-01-29T10:40:00,MONITORING  (NATIONAL AGENCY POLICY),RIVER / RUNNING SURFACE WATER,61,pH,7.17,PH UNITS
https://environment.data.gov.uk/water-quality/sampling-point/NW-88004088/sample/5379685/observation/0061,NW-88004088,RIVER COCKER AT COCKER BRIDGE,345230,451252,NorthWest,NORTH WEST - CUMBRIA AND LANCASHIRE,MORECAMBE BAY,OPEN,FRESHWATER - RIVERS,2025-02-21T12:03:00,MONITORING  (NATIONAL AGENCY POLICY),RIVER / RUNNING SURFACE WATER,61,pH,7.42,PH UNITS
https://environment.data.gov.uk/water-quality/sampling-point/NW-88004088/sample/5381033/observation/0061,NW-88004088,RIVER COCKER AT COCKER BRIDGE,345230,451252,NorthWest,NORTH WEST - CUMBRIA AND LANCASHIRE,MORECAMBE BAY,OPEN,FRESHWATER - RIVERS,2025-03-13T09:05:00,MONITORING  (NATIONAL AGENCY POLICY),RIVER / RUNNING SURFACE WATER,61,pH,7.65,PH UNITS
https://environment.data.gov.uk/water-quality/sampling-point/NW-88008842/sample/5379138/observation/0061,NW-88008842,CATSHAW HALL FARM BH                    SD55/1,354690,453540,NorthWest,NORTH WEST - CUMBRIA AND LANCASHIRE,MORECAMBE BAY,OPEN,GROUNDWATER - BOREHOLE,2025-02-11T08:47:00,ENVIRONMENTAL MONITORING STATUTORY (EU DIRECTIVES),GROUNDWATER,61,pH,7.1,PH UNITS
https://environment.data.gov.uk/water-quality/sampling-point/NW-88008842/sample/5390045/observation/0061,NW-88008842,CATSHAW HALL FARM BH                    SD55/1,354690,453540,NorthWest,NORTH WEST - CUMBRIA AND LANCASHIRE,MORECAMBE BAY,OPEN,GROUNDWATER - BOREHOLE,2025-08-12T10:50:00,ENVIRONMENTAL MONITORING STATUTORY (EU DIRECTIVES),GROUNDWATER,61,pH,7.2,PH UNITS
https://environment.data.gov.uk/water-quality/sampling-point/NW-88008843/sample/5379139/observation/0061,NW-88008843,LOW MOOR HEAD FARM                 WRB NO  SD55/2,354120,456160,NorthWest,NORTH WEST - CUMBRIA AND LANCASHIRE,MORECAMBE BAY,OPEN,GROUNDWATER - BOREHOLE,2025-02-11T09:30:00,ENVIRONMENTAL MONITORING STATUTORY (EU DIRECTIVES),GROUNDWATER,61,pH,7.2,PH UNITS
https://environment.data.gov.uk/water-quality/sampling-point/NW-88008843/sample/5389804/observation/0061,NW-88008843,LOW MOOR HEAD FARM                 WRB NO  SD55/2,354120,456160,NorthWest,NORTH WEST - CUMBRIA AND LANCASHIRE,MORECAMBE BAY,OPEN,GROUNDWATER - BOREHOLE,2025-08-06T11:25:00,ENVIRONMENTAL MONITORING STATUTORY (EU DIRECTIVES),GROUNDWATER,61,pH,7.2,PH UNITS
https://environment.data.gov.uk/water-quality/sampling-point/NW-88020097/sample/5376930/observation/0061,NW-88020097,"BANK HOUSE FISH FARM SETTLEMENT POND EFFLUENT TO MILL RACE, BANK HOUSE FLY FISHERY, LOW MILL LANE, CATON, LANCS",352770,464870,NorthWest,NORTH WEST - CUMBRIA AND LANCASHIRE,MORECAMBE BAY,OPEN,AGRICULTURE - FISH FARMING - NOT WATER COMPANY,2025-01-15T14:04:00,COMPLIANCE AUDIT (PERMIT),ANY TRADE EFFLUENT,61,pH,7.52,PH UNITS
https://environment.data.gov.uk/water-quality/sampling-point/NW-88020097/sample/5380812/observation/0061,NW-88020097,"BANK HOUSE FISH FARM SETTLEMENT POND EFFLUENT TO MILL RACE, BANK HOUSE FLY FISHERY, LOW MILL LANE, CATON, LANCS",352770,464870,NorthWest,NORTH WEST - CUMBRIA AND LANCASHIRE,MORECAMBE BAY,OPEN,AGRICULTURE - FISH FARMING - NOT WATER COMPANY,2025-03-07T08:44:00,COMPLIANCE AUDIT (PERMIT),ANY TRADE EFFLUENT,61,pH,7.94,PH UNITS
https://environment.data.gov.uk/water-quality/sampling-point/NW-88020097/sample/5390200/observation/0061,NW-88020097,"BANK HOUSE FISH FARM SETTLEMENT POND EFFLUENT TO MILL RACE, BANK HOUSE FLY FISHERY, LOW MILL LANE, CATON, LANCS",352770,464870,NorthWest,NORTH WEST - CUMBRIA AND LANCASHIRE,MORECAMBE BAY,OPEN,AGRICULTURE - FISH FARMING - NOT WATER COMPANY,2025-08-15T11:31:00,COMPLIANCE AUDIT (PERMIT),ANY TRADE EFFLUENT,61,pH,7.8,PH UNITS
https://environment.data.gov.uk/water-quality/sampling-point/NW-88020097/sample/5395169/observation/0061,NW-88020097,"BANK HOUSE FISH FARM SETTLEMENT POND EFFLUENT TO MILL RACE, BANK HOUSE FLY FISHERY, LOW MILL LANE, CATON, LANCS",352770,464870,NorthWest,NORTH WEST - CUMBRIA AND LANCASHIRE,MORECAMBE BAY,OPEN,AGRICULTURE - FISH FARMING - NOT WATER COMPANY,2025-10-28T10:54:00,COMPLIANCE AUDIT (PERMIT),ANY TRADE EFFLUENT,61,pH,7.28,PH UNITS
https://environment.data.gov.uk/water-quality/sampling-point/NW-88020097/sample/5395557/observation/0061,NW-88020097,"BANK HOUSE FISH FARM SETTLEMENT POND EFFLUENT TO MILL RACE, BANK HOUSE FLY FISHERY, LOW MILL LANE, CATON, LANCS",352770,464870,NorthWest,NORTH WEST - CUMBRIA AND LANCASHIRE,MORECAMBE BAY,OPEN,AGRICULTURE - FISH FARMING - NOT WATER COMPANY,2025-11-07T10:08:00,COMPLIANCE AUDIT (PERMIT),ANY TRADE EFFLUENT,61,pH,7.03,PH UNITS
https://environment.data.gov.uk/water-quality/sampling-point/NW-88020098/sample/5376931/observation/0061,NW-88020098,"INLET TO BANK HOUSE FLY FISHERY, CATON, LANCASTER - BANK HOUSE, LOW MILL LANE, CATON, LANCASTER  LA2 9HX",352800,464850,NorthWest,NORTH WEST - CUMBRIA AND LANCASHIRE,MORECAMBE BAY,OPEN,FRESHWATER - COMPARATIVE INLET POINTS,2025-01-15T14:01:00,COMPLIANCE AUDIT (PERMIT),RIVER / RUNNING SURFACE WATER,61,pH,7.8,PH UNITS
https://environment.data.gov.uk/water-quality/sampling-point/NW-88020098/sample/5380768/observation/0061,NW-88020098,"INLET TO BANK HOUSE FLY FISHERY, CATON, LANCASTER - BANK HOUSE, LOW MILL LANE, CATON, LANCASTER  LA2 9HX",352800,464850,NorthWest,NORTH WEST - CUMBRIA AND LANCASHIRE,MORECAMBE BAY,OPEN,FRESHWATER - COMPARATIVE INLET POINTS,2025-03-06T08:48:00,COMPLIANCE AUDIT (PERMIT),RIVER / RUNNING SURFACE WATER,61,pH,7.63,PH UNITS
https://environment.data.gov.uk/water-quality/sampling-point/NW-88020098/sample/5384368/observation/0061,NW-88020098,"INLET TO BANK HOUSE FLY FISHERY, CATON, LANCASTER - BANK HOUSE, LOW MILL LANE, CATON, LANCASTER  LA2 9HX",352800,464850,NorthWest,NORTH WEST - CUMBRIA AND LANCASHIRE,MORECAMBE BAY,OPEN,FRESHWATER - COMPARATIVE INLET POINTS,2025-05-12T09:31:00,COMPLIANCE AUDIT (PERMIT),RIVER / RUNNING SURFACE WATER,61,pH,7.81,PH UNITS
https://environment.data.gov.uk/water-quality/sampling-point/NW-88020098/sample/5390201/observation/0061,NW-88020098,"INLET TO BANK HOUSE FLY FISHERY, CATON, LANCASTER - BANK HOUSE, LOW MILL LANE, CATON, LANCASTER  LA2 9HX",352800,464850,NorthWest,NORTH WEST - CUMBRIA AND LANCASHIRE,MORECAMBE BAY,OPEN,FRESHWATER - COMPARATIVE INLET POINTS,2025-08-15T11:26:00,COMPLIANCE AUDIT (PERMIT),RIVER / RUNNING SURFACE WATER,61,pH,7.87,PH UNITS
https://environment.data.gov.uk/water-quality/sampling-point/NW-88020098/sample/5395170/observation/0061,NW-88020098,"INLET TO BANK HOUSE FLY FISHERY, CATON, LANCASTER - BANK HOUSE, LOW MILL LANE, CATON, LANCASTER  LA2 9HX",352800,464850,NorthWest,NORTH WEST - CUMBRIA AND LANCASHIRE,MORECAMBE BAY,OPEN,FRESHWATER - COMPARATIVE INLET POINTS,2025-10-28T10:50:00,COMPLIANCE AUDIT (PERMIT),RIVER / RUNNING SURFACE WATER,61,pH,7.43,PH UNITS
https://environment.data.gov.uk/water-quality/sampling-point/NW-88020098/sample/5395573/observation/0061,NW-88020098,"INLET TO BANK HOUSE FLY FISHERY, CATON, LANCASTER - BANK HOUSE, LOW MILL LANE, CATON, LANCASTER  LA2 9HX",352800,464850,NorthWest,NORTH WEST - CUMBRIA AND LANCASHIRE,MORECAMBE BAY,OPEN,FRESHWATER - COMPARATIVE INLET POINTS,2025-11-07T09:59:00,COMPLIANCE AUDIT (PERMIT),RIVER / RUNNING SURFACE WATER,61,pH,6.92,PH UNITS
https://environment.data.gov.uk/water-quality/sampling-point/NW-88021766/sample/5381044/observation/0061,NW-88021766,LOWER BURROW FARM WELL  SD45/9,347650,457220,NorthWest,NORTH WEST - CUMBRIA AND LANCASHIRE,MORECAMBE BAY,OPEN,GROUNDWATER - SPRING,2025-03-13T09:26:00,ENVIRONMENTAL MONITORING STATUTORY (EU DIRECTIVES),GROUNDWATER,61,pH,7.3,PH UNITS
https://environment.data.gov.uk/water-quality/sampling-point/NW-88021766/sample/5392610/observation/0061,NW-88021766,LOWER BURROW FARM WELL  SD45/9,347650,457220,NorthWest,NORTH WEST - CUMBRIA AND LANCASHIRE,MORECAMBE BAY,OPEN,GROUNDWATER - SPRING,2025-09-22T10:07:00,ENVIRONMENTAL MONITORING STATUTORY (EU DIRECTIVES),GROUNDWATER,61,pH,7.4,PH UNITS
https://environment.data.gov.uk/water-quality/sampling-point/NW-88021782/sample/5379321/observation/0061,NW-88021782,MIDDLE LEE FARM SPRING  SD55/10,356290,455960,NorthWest,NORTH WEST - CUMBRIA AND LANCASHIRE,MORECAMBE BAY,OPEN,GROUNDWATER - SPRING,2025-02-13T09:03:00,ENVIRONMENTAL MONITORING STATUTORY (EU DIRECTIVES),GROUNDWATER,61,pH,7.4,PH UNITS
https://environment.data.gov.uk/water-quality/sampling-point/NW-88021782/sample/5390049/observation/0061,NW-88021782,MIDDLE LEE FARM SPRING  SD55/10,356290,455960,NorthWest,NORTH WEST - CUMBRIA AND LANCASHIRE,MORECAMBE BAY,OPEN,GROUNDWATER - SPRING,2025-08-12T11:29:00,ENVIRONMENTAL MONITORING STATUTORY (EU DIRECTIVES),GROUNDWATER,61,pH,7.4,PH UNITS
https://environment.data.gov.uk/water-quality/sampling-point/NW-88021978/sample/5380815/observation/0061,NW-88021978,"BELL HILL FARMHOUSE, LITTLEDALE, LANCASTER",355400,461300,NorthWest,NORTH WEST - CUMBRIA AND LANCASHIRE,MORECAMBE BAY,OPEN,GROUNDWATER - SPRING,2025-03-07T09:22:00,ENVIRONMENTAL MONITORING STATUTORY (EU DIRECTIVES),GROUNDWATER,61,pH,6.3,PH UNITS
https://environment.data.gov.uk/water-quality/sampling-point/NW-88021978/sample/5392778/observation/0061,NW-88021978,"BELL HILL FARMHOUSE, LITTLEDALE, LANCASTER",355400,461300,NorthWest,NORTH WEST - CUMBRIA AND LANCASHIRE,MORECAMBE BAY,OPEN,GROUNDWATER - SPRING,2025-09-26T08:51:00,ENVIRONMENTAL MONITORING STATUTORY (EU DIRECTIVES),GROUNDWATER,61,pH,6,PH UNITS
https://environment.data.gov.uk/water-quality/sampling-point/NW-RSN0348/sample/5378675/observation/0061,NW-RSN0348,RSN0348 WYRE D/S SPARROW GILL,353031,453993,NorthWest,NORTH WEST - CUMBRIA AND LANCASHIRE,MORECAMBE BAY,OPEN,FRESHWATER - RIVERS,2025-01-29T11:19:00,MONITORING  (NATIONAL AGENCY POLICY),RIVER / RUNNING SURFACE WATER,61,pH,7.98,PH UNITS
https://environment.data.gov.uk/water-quality/sampling-point/NW-RSN0348/sample/5380500/observation/0061,NW-RSN0348,RSN0348 WYRE D/S SPARROW GILL,353031,453993,NorthWest,NORTH WEST - CUMBRIA AND LANCASHIRE,MORECAMBE BAY,OPEN,FRESHWATER - RIVERS,2025-02-28T14:17:00,MONITORING  (NATIONAL AGENCY POLICY),RIVER / RUNNING SURFACE WATER,61,pH,8.04,PH UNITS
https://environment.data.gov.uk/water-quality/sampling-point/NW-RSN0348/sample/5381930/observation/0061,NW-RSN0348,RSN0348 WYRE D/S SPARROW GILL,353031,453993,NorthWest,NORTH WEST - CUMBRIA AND LANCASHIRE,MORECAMBE BAY,OPEN,FRESHWATER - RIVERS,2025-03-26T12:35:00,MONITORING  (NATIONAL AGENCY POLICY),RIVER / RUNNING SURFACE WATER,61,pH,8.82,PH UNITS
https://environment.data.gov.uk/water-quality/sampling-point/NW-RSN0348/sample/5382618/observation/0061,NW-RSN0348,RSN0348 WYRE D/S SPARROW GILL,353031,453993,NorthWest,NORTH WEST - CUMBRIA AND LANCASHIRE,MORECAMBE BAY,OPEN,FRESHWATER - RIVERS,2025-04-09T11:55:00,MONITORING  (NATIONAL AGENCY POLICY),RIVER / RUNNING SURFACE WATER,61,pH,8.65,PH UNITS
https://environment.data.gov.uk/water-quality/sampling-point/NW-RSN0348/sample/5384009/observation/0061,NW-RSN0348,RSN0348 WYRE D/S SPARROW GILL,353031,453993,NorthWest,NORTH WEST - CUMBRIA AND LANCASHIRE,MORECAMBE BAY,OPEN,FRESHWATER - RIVERS,2025-05-02T09:58:00,MONITORING  (NATIONAL AGENCY POLICY),RIVER / RUNNING SURFACE WATER,61,pH,8.1,PH UNITS
https://environment.data.gov.uk/water-quality/sampling-point/NW-RSN0348/sample/5385956/observation/0061,NW-RSN0348,RSN0348 WYRE D/S SPARROW GILL,353031,453993,NorthWest,NORTH WEST - CUMBRIA AND LANCASHIRE,MORECAMBE BAY,OPEN,FRESHWATER - RIVERS,2025-06-09T09:41:00,MONITORING  (NATIONAL AGENCY POLICY),RIVER / RUNNING SURFACE WATER,61,pH,7.91,PH UNITS
https://environment.data.gov.uk/water-quality/sampling-point/NW-RSN0348/sample/5387841/observation/0061,NW-RSN0348,RSN0348 WYRE D/S SPARROW GILL,353031,453993,NorthWest,NORTH WEST - CUMBRIA AND LANCASHIRE,MORECAMBE BAY,OPEN,FRESHWATER - RIVERS,2025-07-07T09:54:00,MONITORING  (NATIONAL AGENCY POLICY),RIVER / RUNNING SURFACE WATER,61,pH,7.78,PH UNITS
https://environment.data.gov.uk/water-quality/sampling-point/NW-RSN0348/sample/5390002/observation/0061,NW-RSN0348,RSN0348 WYRE D/S SPARROW GILL,353031,453993,NorthWest,NORTH WEST - CUMBRIA AND LANCASHIRE,MORECAMBE BAY,OPEN,FRESHWATER - RIVERS,2025-08-12T09:46:00,MONITORING  (NATIONAL AGENCY POLICY),RIVER / RUNNING SURFACE WATER,61,pH,8.48,PH UNITS
https://environment.data.gov.uk/water-quality/sampling-point/NW-RSN0348/sample/5392560/observation/0061,NW-RSN0348,RSN0348 WYRE D/S SPARROW GILL,353031,453993,NorthWest,NORTH WEST - CUMBRIA AND LANCASHIRE,MORECAMBE BAY,OPEN,FRESHWATER - RIVERS,2025-09-22T10:23:00,MONITORING  (NATIONAL AGENCY POLICY),RIVER / RUNNING SURFACE WATER,61,pH,8.28,PH UNITS
https://environment.data.gov.uk/water-quality/sampling-point/NW-RSN0348/sample/5394143/observation/0061,NW-RSN0348,RSN0348 WYRE D/S SPARROW GILL,353031,453993,NorthWest,NORTH WEST - CUMBRIA AND LANCASHIRE,MORECAMBE BAY,OPEN,FRESHWATER - RIVERS,2025-10-16T11:55:00,MONITORING  (NATIONAL AGENCY POLICY),RIVER / RUNNING SURFACE WATER,61,pH,8.11,PH UNITS
https://environment.data.gov.uk/water-quality/sampling-point/NW-RSN0348/sample/5396116/observation/0061,NW-RSN0348,RSN0348 WYRE D/S SPARROW GILL,353031,453993,NorthWest,NORTH WEST - CUMBRIA AND LANCASHIRE,MORECAMBE BAY,OPEN,FRESHWATER - RIVERS,2025-11-24T11:59:00,MONITORING  (NATIONAL AGENCY POLICY),RIVER / RUNNING SURFACE WATER,61,pH,7.55,PH UNITS
https://environment.data.gov.uk/water-quality/sampling-point/NW-RSN0348/sample/5397885/observation/0061,NW-RSN0348,RSN0348 WYRE D/S SPARROW GILL,353031,453993,NorthWest,NORTH WEST - CUMBRIA AND LANCASHIRE,MORECAMBE BAY,OPEN,FRESHWATER - RIVERS,2025-12-15T10:24:00,MONITORING  (NATIONAL AGENCY POLICY),RIVER / RUNNING SURFACE WATER,61,pH,7.8,PH UNITS
https://environment.data.gov.uk/water-quality/sampling-point/NW-RSN1320/sample/5376876/observation/0061,NW-RSN1320,RSN1320 GRIZEDALE BROOK @ PEDDERS WOOD,351460,448044,NorthWest,NORTH WEST - CUMBRIA AND LANCASHIRE,MORECAMBE BAY,OPEN,FRESHWATER - RIVERS,2025-01-14T10:05:00,MONITORING  (NATIONAL AGENCY POLICY),RIVER / RUNNING SURFACE WATER,61,pH,7.42,PH UNITS
https://environment.data.gov.uk/water-quality/sampling-point/NW-RSN1320/sample/5379166/observation/0061,NW-RSN1320,RSN1320 GRIZEDALE BROOK @ PEDDERS WOOD,351460,448044,NorthWest,NORTH WEST - CUMBRIA AND LANCASHIRE,MORECAMBE BAY,OPEN,FRESHWATER - RIVERS,2025-02-11T10:53:00,MONITORING  (NATIONAL AGENCY POLICY),RIVER / RUNNING SURFACE WATER,61,pH,7.47,PH UNITS
https://environment.data.gov.uk/water-quality/sampling-point/NW-RSN1320/sample/5380520/observation/0061,NW-RSN1320,RSN1320 GRIZEDALE BROOK @ PEDDERS WOOD,351460,448044,NorthWest,NORTH WEST - CUMBRIA AND LANCASHIRE,MORECAMBE BAY,OPEN,FRESHWATER - RIVERS,2025-03-03T08:42:00,MONITORING  (NATIONAL AGENCY POLICY),RIVER / RUNNING SURFACE WATER,61,pH,7.75,PH UNITS
https://environment.data.gov.uk/water-quality/sampling-point/NW-RSN1320/sample/5382287/observation/0061,NW-RSN1320,RSN1320 GRIZEDALE BROOK @ PEDDERS WOOD,351460,448044,NorthWest,NORTH WEST - CUMBRIA AND LANCASHIRE,MORECAMBE BAY,OPEN,FRESHWATER - RIVERS,2025-04-03T14:12:00,MONITORING  (NATIONAL AGENCY POLICY),RIVER / RUNNING SURFACE WATER,61,pH,7.65,PH UNITS
https://environment.data.gov.uk/water-quality/sampling-point/NW-RSN1320/sample/5384283/observation/0061,NW-RSN1320,RSN1320 GRIZEDALE BROOK @ PEDDERS WOOD,351460,448044,NorthWest,NORTH WEST - CUMBRIA AND LANCASHIRE,MORECAMBE BAY,OPEN,FRESHWATER - RIVERS,2025-05-09T10:31:00,MONITORING  (NATIONAL AGENCY POLICY),RIVER / RUNNING SURFACE WATER,61,pH,7.84,PH UNITS
https://environment.data.gov.uk/water-quality/sampling-point/NW-RSN1320/sample/5385958/observation/0061,NW-RSN1320,RSN1320 GRIZEDALE BROOK @ PEDDERS WOOD,351460,448044,NorthWest,NORTH WEST - CUMBRIA AND LANCASHIRE,MORECAMBE BAY,OPEN,FRESHWATER - RIVERS,2025-06-09T10:15:00,MONITORING  (NATIONAL AGENCY POLICY),RIVER / RUNNING SURFACE WATER,61,pH,7.34,PH UNITS
https://environment.data.gov.uk/water-quality/sampling-point/NW-RSN1320/sample/5388513/observation/0061,NW-RSN1320,RSN1320 GRIZEDALE BROOK @ PEDDERS WOOD,351460,448044,NorthWest,NORTH WEST - CUMBRIA AND LANCASHIRE,MORECAMBE BAY,OPEN,FRESHWATER - RIVERS,2025-07-21T12:31:00,MONITORING  (NATIONAL AGENCY POLICY),RIVER / RUNNING SURFACE WATER,61,pH,7.6,PH UNITS
https://environment.data.gov.uk/water-quality/sampling-point/NW-RSN1320/sample/5390621/observation/0061,NW-RSN1320,RSN1320 GRIZEDALE BROOK @ PEDDERS WOOD,351460,448044,NorthWest,NORTH WEST - CUMBRIA AND LANCASHIRE,MORECAMBE BAY,OPEN,FRESHWATER - RIVERS,2025-08-26T13:13:00,MONITORING  (NATIONAL AGENCY POLICY),RIVER / RUNNING SURFACE WATER,61,pH,7.6,PH UNITS
https://environment.data.gov.uk/water-quality/sampling-point/NW-RSN1320/sample/5392564/observation/0061,NW-RSN1320,RSN1320 GRIZEDALE BROOK @ PEDDERS WOOD,351460,448044,NorthWest,NORTH WEST - CUMBRIA AND LANCASHIRE,MORECAMBE BAY,OPEN,FRESHWATER - RIVERS,2025-09-22T10:44:00,MONITORING  (NATIONAL AGENCY POLICY),RIVER / RUNNING SURFACE WATER,61,pH,8.17,PH UNITS
https://environment.data.gov.uk/water-quality/sampling-point/NW-RSN1320/sample/5393730/observation/0061,NW-RSN1320,RSN1320 GRIZEDALE BROOK @ PEDDERS WOOD,351460,448044,NorthWest,NORTH WEST - CUMBRIA AND LANCASHIRE,MORECAMBE BAY,OPEN,FRESHWATER - RIVERS,2025-10-06T10:11:00,MONITORING  (NATIONAL AGENCY POLICY),RIVER / RUNNING SURFACE WATER,61,pH,7.34,PH UNITS
https://environment.data.gov.uk/water-quality/sampling-point/NW-RSN1320/sample/5395912/observation/0061,NW-RSN1320,RSN1320 GRIZEDALE BROOK @ PEDDERS WOOD,351460,448044,NorthWest,NORTH WEST - CUMBRIA AND LANCASHIRE,MORECAMBE BAY,OPEN,FRESHWATER - RIVERS,2025-11-17T10:24:00,MONITORING  (NATIONAL AGENCY POLICY),RIVER / RUNNING SURFACE WATER,61,pH,7.36,PH UNITS
https://environment.data.gov.uk/water-quality/sampling-point/NW-RSN1320/sample/5397546/observation/0061,NW-RSN1320,RSN1320 GRIZEDALE BROOK @ PEDDERS WOOD,351460,448044,NorthWest,NORTH WEST - CUMBRIA AND LANCASHIRE,MORECAMBE BAY,OPEN,FRESHWATER - RIVERS,2025-12-10T11:29:00,MONITORING  (NATIONAL AGENCY POLICY),RIVER / RUNNING SURFACE WATER,61,pH,7.96,PH UNITS
